{
	"common_store_global_dialog_default_msg": "请求超时，请重试",

	"property_download_disable": "该账户已被禁用下载",
	"property_fails_by_online": "有未完成的操作正在进行，请等待完成后再操作",

	"analysis_multi_dialog_title": "分析-提交渲染",
	"analysis_multi_dialog_render_label": "分层渲染",
	"analysis_multi_dialog_render_check": "启用分层提交，提交后一层一个作业",
	"analysis_multi_dialog_prioritized_label": "优先测试帧",
	"analysis_multi_dialog_prioritized_first": "首帧",
	"analysis_multi_dialog_prioritized_center": "中间帧",
	"analysis_multi_dialog_prioritized_end": "末帧",
	"analysis_multi_dialog_prioritized_other": "自定义帧",
	"analysis_multi_dialog_prioritized_other_title": "单击编辑",
	"analysis_multi_dialog_prioritized_other_placeholder": "例: 1， 3， 4 ",
	"analysis_multi_dialog_prioritized_invalid": "输入不符合规则，请重新输入",
	"analysis_multi_dialog_prioritized_overrange": "优先帧不在帧范围内",
	"analysis_multi_dialog_test_label": "渲染完测试帧后",
	"analysis_multi_dialog_test_first": "暂停任务（检查无误后可开启全速渲染）",
	"analysis_multi_dialog_test_second": "继续渲染其它作业",
	"analysis_multi_dialog_spliter": "高级设置",
	"analysis_multi_project_title": "添加项目后可用于项目管理及统计",
	"analysis_multi_project_label": "项目名称",
	"analysis_multi_project_empty_placeholder": "（空）",
	"analysis_multi_project_dropdown_new": "新建项目",
	"analysis_multi_project_new_placeholder": "请输入项目名",
	"analysis_multi_project_del_tips": "确定删除吗？",
	"analysis_multi_selection_multi_title": "每个任务渲染的帧数",
	"analysis_multi_selection_multi_label": "一机多帧",
	"analysis_multi_selection_single_title": "单帧渲染超时，作业号会被标记为黄色",
	"analysis_multi_selection_single_label": "单帧超时提醒(小时)",
	"analysis_multi_dialog_okey": "确定",
	"analysis_multi_dialog_cancel": "取消",

	"analysis_restart_dialog_title": "分析-重新分析",
	"analysis_restart_dialog_content": "等",

	"analysis_cancel_dialog_title": "分析-放弃分析",
	"analysis_cancel_dialog_content": "确定要放弃当前作业吗？",

	"analysis_detail_body_basic": "基本信息",
	"analysis_detail_body_basic_task": "任务号：",
	"analysis_detail_body_basic_scene": "场景名：",
	"analysis_detail_body_basic_time": "提交时间：",
	"analysis_detail_body_status": "当前状态：",
	"analysis_detail_body_log": "分析日志",
	"analysis_detail_body_log_700": "服务器异常，请稍后重试",
	"analysis_detail_body_log_ok": "分析完成！未发现错误",
	"analysis_detail_body_log_err": "分析完成！共发现",
	"analyse_analysedetails_log_button_open": "展开",
	"analyse_analysedetails_log_button_packup": "收起",
	"analysis_detail_body_log_err_warining": "警告",
	"analysis_detail_body_log_err_error": "错误",
	"analysis_detail_body_log_err_advise": "建议：",
	"analysis_detail_body_advise_btn": "查看详情",
	"analysis_detail_body_log_err_br": "请根据提示内容检查文件后再重新分析",
	"analysis_detail_body_log_err_else": "请再次检查您的文件；如若继续提交，请先点击忽略",
	"analysis_detail_footer_next": "下一步",
	"analysis_detail_footer_ignore_next": "忽略，下一步",
	"analysis_detail_footer_continue": "继续提交",
	"analysis_detail_footer_ignore_continue": "忽略，继续提交",
	"analysis_detail_footer_restart": "重新分析",
	"analysis_detail_message_commit": "提交成功！",

	"scene_setting": "场景参数设置",
	"scene_setting_RP": "分辨率",
	"scene_setting_RP_input": "*请输入渲染分辨率",
	"scene_setting_filename_ouput": "*请输入输出文件名",
	"scene_setting_filename_ouput_correct": "*请输入正确的输出文件名",
	"scene_setting_camera": "相机",
	"scene_setting_render_camera": "渲染单相机",
	"scene_setting_render_label": "渲染多相机，并拆分相机为不同的作业",
	"scene_setting_camera_select": "*请选择渲染相机",
	"scene_setting_camera_all": "全部相机",
	"scene_setting_camera_selected": "已选相机",
	"scene_setting_dom_active": "激活元素",
	"scene_setting_open_layout": "启用分层提交，提交一层一个作业",
	"scene_setting_render_frame": "渲染帧数",
	"scene_setting_frame_input": "*请输入渲染帧",
	"scene_setting_frame_err": "*渲染帧输入不正确",
	"scene_setting_placeholder_width": "宽",
	"scene_setting_placeholder_height": "高",
	"scene_setting_select_default": "使用场景设置相机",
	"scene_setting_render_layer": "渲染层",
	"scene_setting_frame_range": "帧范围",

	"render_setting": "渲染设置",

	"senior_setting": "高级设置",
	"senior_setting_multi_frame_tips": "每个任务渲染的帧数",
	"senior_setting_multi_frame_label": "一机多帧",
	"senior_setting_single_frame_tips": "单帧渲染超时，作业号会被标记为黄色",
	"senior_setting_single_frame_label": "单帧超时提醒(小时)",
	"senior_setting_piece_label": "分块渲染",
	"senior_setting_piece_label_introduce": "启用后可同时用多台渲染一张图，节约渲染时间",
	"senior_setting_piece_label_open": "启用",

	"setting_tools_pre": "上一步",
	"setting_tools_next": "下一步",
	"setting_tools_commit": "提交",

	"vray_Irradiance_tips": "*请选择发光贴图",
	"vray_Light_tips": "*请选择灯光缓存",
	"vray_Output_tips_RP": "*请输入光子渲染分辨率",
	"vray_Output_tips_range": "*请输入光子渲染帧范围",
	"vray_Output_tips_range_err": "*渲染帧输入不正确",

	"vray_tools_pre": "上一步",
	"vray_tools_continue_commit": "继续提交",
	"vray_tools_commit": "提交",
	"vray_dialog_title": "选择文件",
	"vray_dialog_sort_name": "名称",
	"vray_dialog_sort_size": "大小",
	"vray_dialog_sort_modify": "修改时间",
	"vray_dialog_title_tip": "双击即可选中",

	"render_table_sort_sceneName": "场景名",
	"render_table_sort_id": "作业ID",
	"render_table_sort_status": "状态",
	"render_table_sort_renderprogress": "进度",
	"render_table_sort_finish_state": "完成状况",
	"render_table_sort_failedFrames": "失败帧",
	"render_table_sort_framesRange": "帧范围",
	"render_table_sort_renderCamera": "渲染相机",
	"render_table_sort_layereName": "层名",
	"render_table_sort_projectName": "项目",
	"render_table_sort_userName": "提交账号",
	"render_table_sort_producer": "制作人",
	"render_table_sort_renderConsume": "费用",
	"render_table_sort_rendersubmitDate": "提交时间",
	"render_table_sort_renderstartTime": "开始时间",
	"render_table_sort_completedDate": "结束时间",
	"render_table_sort_renderDuration": "渲染时长",
	"render_table_sort_taskLevel": "优先级",
	"render_table_sort_taskLimit": "最大机器数",
	"render_table_sort_taskOverTime": "超时提醒(小时)",

	"render_operation_dialog_popupTitle_start": "渲染-开始渲染",
	"render_operation_dialog_popupMessage_start": "确定要开始当前的作业吗？",
	"render_operation_dialog_popupTitle_stop": "渲染-停止渲染",
	"render_operation_dialog_popupMessage_stop": "确定要停止当前的作业吗？",
	"render_operation_dialog_popupTitle_giveup": "渲染-放弃作业",
	"render_operation_dialog_popupMessage_giveup": "确定要放弃当前的作业吗？",
	"render_operation_dialog_popupTitle_recommit": "渲染-重提失败帧",
	"render_operation_dialog_popupMessage_recommit": "确定要重提当前任务的失败帧吗？",
	"render_operation_dialog_popupTitle_del": "渲染-删除作业",
	"render_operation_dialog_popupMessage_del": "确定要删除当前的作业吗？",
	"render_operation_dialog_popupTitle_full": "渲染-全速渲染",
	"render_operation_dialog_popupMessage_full": "请确认作业的测试帧效果正确后再进行全速。\n 确定要全速当前作业吗？",
	"render_operation_beforeClose_defaultMessage": "操作成功！",

	"render_task_jobdetail": "作业详情",

	"render_task_jobdetail_overview": "概览",
	"render_task_jobdetail_overview_realfee": "实际扣费：",
	"render_task_jobdetail_overview_arrears": "欠费：",
	"render_task_jobdetail_overview_allexetime": "总时长：",
	"render_task_jobdetail_overview_pertask_exetime": "平均任务耗时：",

	"render_task_jobdetail_taskdetail": "任务详情",
	"render_task_jobdetail_taskdetail_havedone": "已完成 {0}帧",
	"render_task_jobdetail_taskdetail_rendering": "渲染中 {0}帧",
	"render_task_jobdetail_taskdetail_failed": "失败 {0}帧",
	"render_task_jobdetail_taskdetail_stop": "停止 {0}帧",
	"render_task_jobdetail_taskdetail_search": "搜索帧",
	"render_task_jobdetail_taskdetail_framejob": "帧任务",
	"render_task_jobdetail_taskdetail_status": "状态",
	"render_task_jobdetail_taskdetail_realfee": "实际扣费",
	"render_task_jobdetail_taskdetail_arrears": "欠费",
	"render_task_jobdetail_taskdetail_exetime": "运行时间",
	"render_task_jobdetail_taskdetail_starttime": "开始时间",
	"render_task_jobdetail_taskdetail_endtime": "结束时间",

	"render_task_jobdetail_framedetail": "帧详情-第{0}帧，共渲染 {1} 次",
	"render_task_jobdetail_framedetail_once": "帧详情-第{0}帧，共渲染 1 次",
	"render_task_jobdetail_framedetail_twice": "帧详情-第{0}帧，共渲染 2 次",
	"render_task_jobdetail_framedetail_frame": "帧",
	"render_task_jobdetail_framedetail_status": "状态",
	"render_task_jobdetail_framedetail_realfee": "实际扣费",
	"render_task_jobdetail_framedetail_rendertime": "渲染时长",
	"render_task_jobdetail_framedetail_starttime": "开始时间",
	"render_task_jobdetail_framedetail_cpuoccupancy": "CPU用量",
	"render_task_jobdetail_framedetail_memoryoccupancy": "内存用量",
	"render_task_jobdetail_framedetail_emptylog": "暂无日志信息",
	"render_task_jobdetail_framedetail_popupTitle0": "提示",
	"render_task_jobdetail_framedetail_popupMessage0": "提示信息",
	"render_task_jobdetail_framedetail_popupTitle1": "渲染-开始渲染",
	"render_task_jobdetail_framedetail_popupMessage1": "确定要开始当前的任务吗",
	"render_task_jobdetail_framedetail_popupTitle2": "渲染-停止渲染",
	"render_task_jobdetail_framedetail_popupMessage2": "确定要停止当前的任务吗？",
	"render_task_jobdetail_framedetail_defaultMessage": "操作成功！",

	"render_task_jobdetail_outputfile": "输出文件",
	"user_pay_order_trading_operation_download": "下载",
	"render_task_jobdetail_outputfile_name": "名称",
	"render_task_jobdetail_outputfile_size": "大小",
	"render_task_jobdetail_outputfile_type": "类型",
	"render_task_jobdetail_outputfile_createtime": "创建时间",
	"task_common_reminder": "温馨提示",

	"login_mod_title": "登录",
	"login_mod_register_skip": "没有账号?现在",
	"login_mod_to_register": "注册",
	"login_mod_account_placeholder": "用户名/手机/邮箱",
	"login_mod_password_placeholder": "密码",
	"login_mod_remember_password": "5天内自动登录",
	"login_mod_forget_password": "忘记密码?",
	"login_mod_submit_button": "登录",
	"login_mod_others_login": "或者三方登录",

	"login_mod_check_account_blank": "请输入用户名",
	"login_mod_check_account_exist": "用户名不存在",
	"login_mod_check_password": "请输入密码",
	"login_mod_login_error": "用户名或登录密码错误",
	"login_mod_login_ip_limit": "IP被限制登录，如需解除请联系24小时在线客服",

	"login_mod_dialog_device_title": "手机验证",
	"login_mod_dialog_header_title": "绑定用户",


	"register_mod_title": "注册",
	"register_mod_to_login_skip": "已有账号?点击",
	"register_mod_to_login": "登录",
	"register_mod_account_placeholder": "请输入用户名",
	"register_mod_password_placeholder": "请输入密码",
	"register_mod_confirm_password_placeholder": "请再次输入密码",
	"register_mod_phone_placeholder": "请输入手机号",
	"register_mod_bussiness_type": "类型",
	"register_mod_bussiness_graph": "效果图",
	"register_mod_bussiness_animation": "动画",
	"register_mod_confirm_button": "确定",
	"register_mod_read_protocol": "我已阅读并同意",
	"register_mod_protocol_name": "《Renderbus平台用户注册协议》",
	"register_mod_login_skip": "已有账号,点击登录",
	"register_mod_slider": "拖动滑块验证",
	"register_mod_slider_ed": "完成验证",
	"register_mod_bind_phone": "绑定用户",

	"register_mod_account_tips_content": "包含数字、字母或下划线，不能为纯数字",
	"register_mod_account_tips_length": "6-20个字符",
	"register_mod_password_tips_alphabet": "大写字母和小写字母",
	"register_mod_password_tips_number": "至少一个数字",
	"register_mod_password_tips_length": "8-18个字符",
	"register_mod_checkPass_tips_content": "请再次输入密码",

	"register_mod_account_note": ["请输入用户名", "账号由数字、字母或下划线组成，6-20个字符", "用户已存在"],
	"register_mod_password_note": ["请输入登录密码", "密码必须包含数字和大小写字母，8-18个字符"],
	"register_mod_checkPass_note": ["请再次输入密码", "两次输入密码不一致"],
	"register_mod_phone_note": ["手机号不能为空", "手机格式不正确，请重新输入"],
	"register_mod_slider_note": "请拖动滑动验证码",
	"register_mod_read_note": "请勾选同意协议",

	"dialog_component_submit": "开始渲染",
	"dialog_component_title": "请先绑定手机号",
	"dialog_component_phone": ["手机号码", "请输入手机号码"],
	"dialog_component_btn_txt": ["取消", "确定"],
	"dialog_component_code_label": ["验证码", "短信验证码", "语音验证码"],
	"dialog_component_code_placeholder": "请输入验证码",
	"dialog_component_phone_note": ["手机号不能为空", "手机号不合法", "手机号已存在"],
	"dialog_component_code_note": ["请输入验证码", "验证码错误"],
	"dialog_component_message": ["短信验证码发送成功，请注意查收手机短信！", "语音验证码发送成功，请注意接听手机电话！"],

	"dialog_title_whoops": "提示",
	"dialog_body_prompt": ["传输服务暂不支持Mac系统", "若需要上传文件，", "请QQ联系24小时在线客服或拨打 400-003-4560"],
	"dialog_action_confirm": "我知道了",

	"recharge_manage": "充值管理",
	"recharge_balance": "余额",
	"recharge_balance_over": "已欠费",
	"recharge_coupon": "渲染券",
	"recharge_unit_price": "单价",
	"recharge_unit_price_detail": "CPU（{1} {0}/code/h）GPU（{2} {0}/code/h）",
	"recharge_unit_price_detail_animation": "{0}元/线程时 {1}元封顶",
	"recharge_quota": "信用额度",
	"recharge_quota_detail": "{0} {1} 可用（总额度{0} {2}）",
	"recharge_level": "账户等级",
	"recharge_invalid": "到期至：",
	"recharge_level_detail": "查看详情",
	"user_pay_account_type_common": "普通版",
	"user_pay_account_type_profession": "专业版",
	"user_pay_account_lever_upgrade_vip": "升级VIP",
	"user_pay_account_type_business_common_upgrade": "升级为专业版",
	"user_pay_account_type_business_common": "效果图普通版",
	"user_pay_account_type_business_vip": "效果图会员",
	"user_basic_level_normal": "普通",
	"user_basic_level_normal_user": "普通用户",
	"user_basic_level_upgrade": "升级",
	"user_basic_level_upgrade_dialog_title": "升级为效果图专业版",

	"recharge_record_tab_first": "普通充值记录",
	"recharge_record_tab_second": "渲染券充值记录",
	"recharge_old_platform_hint": "* 新老平台充值记录数据不通用，查看老平台的充值记录请点击{0}",
	"recharge_old_platform_link": "这里",

	"record_header_id": "交易单号",
	"record_header_amount": "充值金额",
	"record_header_status": "当前状态",
	"record_header_method": "支付方式",
	"record_header_type": "转入/转出",
	"record_header_submitdate": "交易时间",
	"record_header_operate": "操作",
	"record_header_invoice": "是否开具发票",
	"record_header_operate_continue_pay": "继续支付",
	"record_header_operate_download_order": "下载订单",
	"coupon_header_source": "来源",
	"coupon_header_amount": "金额",
	"coupon_header_balance": "渲染券余额",
	"coupon_header_status": "充值状态",
	"coupon_header_usetime": "时间",

	"income_type": "转入",
	"outcome_type": "转出",
	"income_major_type": "充值效果图会员转入",

	"pay_status_default": "默认",
	"pay_status_ing": "支付中",
	"pay_status_success": "支付成功",
	"pay_status_cancel": "取消支付",
	"pay_status_fail": "支付失败",
	"pay_status_refund": "退款",
	"pay_status_wait_comfirm": "待确认收款",
	"pay_status_comfirmed": "已确认收款",

	"pay_method_ali": "支付宝支付",
	"pay_method_wechat": "微信支付",
	"pay_method_paypal": "PayPal支付",
	"pay_method_coupon": "优惠券充值",
	"pay_method_income_child": "子账号转入",
	"pay_method_income_parent": "主账号转入",
	"pay_method_outcome_child": "转出至子账号",
	"pay_method_outcome_parent": "转出至主账号",
	"pay_method_give_register": "注册时赠送",
	"pay_method_give_info": "完善资料时赠送",
	"pay_method_invoice_pre": "开具发票预充值",
	"pay_method_invoice_after": "开具发票后充值",
	"pay_method_outline": "离线充值",
	"pay_method_return_cash": "退现金",
	"pay_method_return_err": "出错返还",
	"pay_method_give": "赠送",

	"operate_pay_continue": "继续支付",
	"operate_pay_download": "下载订单",
	"operate_pay_continue_dialog": "请扫描二维码",

	"pay_is_invoice": "已开发票",
	"pay_option_browse": "浏览",

	"topUp_up_vip": "升级为VIP",
	"topUp_tab_second": "渲染券充值",
	"topUp_current_balance": "当前余额",
	"topUp_accumulated": "累计充值金额",
	"topUp_select_amount_input": "请输入充值金额",
	"topUp_select_amount_check": "请选择充值金额",
	"topUp_select_method": "请选择支付方式",
	"topUp_select_method_others": "其他支付方式",
	"topUP_card_support": "支持",
	"topUP_alipay_support": "支付宝",
	"topUP_wechat_support": "微信",
	"topUp_tips_level": "您当前账户等级为",
	"topUp_tips_total": ". 累计充值达",
	"topUp_tips_br": "，等级越高，享受折扣越多噢...",
	"topUp_tips_cur_total": "当前累计充值达",
	"topUp_tips_cur_br": "累计充值达{0}500即可自动升级为效果图会员",

	"upgrade_section_level": "升级为 VIP",
	"upgrade_section_recharge_continue": "{0}",
	"upgrade_section_recharge_full": "累计充值满",
	"upgrade_section_discount_with_rate": "{0}折",

	"general_amount_100": "充100送10",
	"general_amount_300": "充300送50",
	"general_amount_500": "充500送100",
	"general_amount_1000": "充1000送300",
	"general_amount_between": "0.01-200,000.00之间",
	"general_amount_other": "其他金额",
	"general_check_must": "必填",
	"general_check_over": "请输入0.01-200,000.00之间数值",
	"general_submit_dialog_title": "充值金额累计已达{0}500，充值完成后账户会自动升级为效果图会员，请仔细阅读以下内容",

	"general_ali_dialog_title": "提示",
	"payment_third_pay_dialog_richtext1": "请您在新打开的页面上完成付款",
	"payment_third_pay_dialog_richtext2": "付款完成前请不要关闭此窗口。",
	"payment_third_pay_dialog_richtext3": "完成付款后请点击下面的按钮",
	"payment_third_pay_dialog_richtext_btn": "已完成付款",
	"general_wechat_dialog_title": "请扫描二维码-微信充值",
	"general_wechat_dialog_tips": "为确保安全，请尽快完成支付",
	"general_wechat_dialog_pay_total": "支付金额：{0}{1}",
	"payment_third_pay_dialog_wechat_title": "微信支付扫一扫",

	"coupon_recharge_label": "优惠码",
	"coupon_recharge_placeholder": "优惠码",
	"coupon_rule_first": "必填",
	"coupon_rule_second": "请输入正确优惠码",
	"coupon_check_fail": "充值失败",
	"coupon_check_100": "优惠券已过期",
	"coupon_check_200": "恭喜你，成功使用优惠券",
	"coupon_old_platform_prompt": "* 老平台优惠券已无法使用，若您手上有未充值过的优惠券且在使用期限内的，请联系客服同事处理",

	"protocol_h3": "《效果图会员升级需知》",
	"protocol_p": "亲爱的Renderbus用户，为了保障你的权益，并更好的了解效果图会员优惠，请仔细阅读以下条款：",
	"protocol_h4_1": "一、优惠内容：",
	"protocol_1_1": "● 累积或一次性充值达到{0}500，即可终身享受效果图普通版价格的6折优惠。",
	"protocol_1_2": "● 会员折扣与充值赠送活动互不冲突，同时消费可享折上折优惠。",
	"protocol_1_3": "● 选择单台机器渲染效果图，出图时间在30分钟以内的仅收取{0}0.1。",
	"protocol_1_4": "● 会员每日首张效果图一律免费。",
	"protocol_h4_2": "二、使用方式",
	"protocol_2_1": "● 3dsMax效果图插件提交",
	"protocol_h4_3": "三、服务保障",
	"protocol_3_1": "● 使用期间，我司会提供7*24小时在线客户服务，保障项目顺利进行。",
	"protocol_h4_4": "四、权责告知",
	"protocol_4_1": "● 本优惠只对效果图注册用户开放，即仅限于3dsMax的单帧渲染，序列或其他软件渲染请参考影视版价格。",
	"protocol_4_2": "● 效果图渲染统一使用CPU进行计算，使用时请确保登陆入口为效果图平台或非GPU平台。",
	"protocol_4_3": "● 充值达到对应金额之后会员优惠即时生效，优惠折扣部分不予以退费。",
	"protocol_check_span": "我已阅读并同意《效果图会员升级需知》",
	"protocol_okey_btn": "确定",

	"user_consume_list": "消费清单",
	"user_consume_pick_accout": "账号",
	"user_consume_pick_accout_all": "全部",
	"user_consume_pick_project": "项目",
	"user_consume_pick_project_empty": "无",
	"user_consume_pick_project_all": "全部",
	"user_consume_pick_date": "日期",
	"user_consume_pick_date_startplace": "开始日期",
	"user_consume_pick_date_endplace": "结束日期",
	"user_consume_recent_week": "最近7天",
	"user_consume_recent_month": "最近一个月",
	"user_consume_recent_quarter": "最近三个月",
	"user_consume_pick_find": "查询",
	"user_consume_pick_output": "导出",
	"user_consume_info_time": "消耗时长：",
	"user_consume_info_account": "余额消费({0})：",
	"user_consume_info_coupon": "渲染券消费({0})：",
	"user_consume_table_sort_id": "作业ID",
	"user_consume_table_sort_scene_name": "场景名称",
	"user_consume_table_sort_frame": "渲染帧",
	"user_consume_table_sort_submit_date": "提交时间",
	"user_consume_table_sort_complete_date": "完成时间",
	"user_consume_table_sort_producer": "制作人",
	"user_consume_table_sort_user_name": "提交账户",
	"user_consume_table_sort_project_name": "项目",
	"user_consume_table_sort_cg_name": "渲染软件",
	"user_consume_table_sort_frame_total": "总帧数",
	"user_consume_table_sort_render_duration": "消耗时长",
	"user_consume_table_sort_balance_consume": "余额消费",
	"user_consume_table_sort_coupon_consume": "渲染券消费",
	"user_consume_table_sort_fee_type": "消费方式",

	"user_binfo_top": "基本资料",
	"user_binfo_item_account": "注册账号",
	"user_binfo_item_tel": "注册手机",
	"user_binfo_btn_reset_tel": "更换手机",
	"user_binfo_btn_reset_tel_dialog_title": "修改手机号",
	"user_binfo_btn_reset_tel_dialog_tel": "新手机号码",
	"user_binfo_btn_reset_tel_dialog_tel_placeholder": "请输入新手机号码",
	"user_binfo_btn_reset_tel_dialog_success_title": "更换手机号",
	"user_binfo_btn_reset_tel_dialog_success_data": "手机号更新成功！",
	"user_binfo_item_psw": "登录密码",
	"user_binfo_btn_reset_psw": "修改密码",
	"user_binfo_btn_reset_psw_dialog_psw": "修改密码",
	"user_binfo_btn_reset_psw_complete": "修改完成",
	"user_binfo_item_render_type": "渲染类型",
	"user_binfo_item_render_type_drawing": "效果图",
	"user_binfo_item_render_type_animation": "动画",
	"user_binfo_perfect_title": "(请完善以下信息,方便我们更好的为您服务)",
	"user_binfo_perfect_item_account_type": "账户类型",
	"user_binfo_perfect_item_type_personal": "个人用户",
	"user_binfo_perfect_item_type_enterprise": "企业用户",
	"user_binfo_perfect_item_real_name": "真实姓名",
	"user_binfo_perfect_item_real_placeholer": "请输入真实姓名",
	"user_binfo_perfect_item_company_name": "公司名称",
	"user_binfo_perfect_item_company_placeholer": "请输入公司名称",
	"user_binfo_perfect_item_company_position": "公司职位",
	"user_binfo_perfect_item_position_placeholer": "请输入公司职位",
	"user_binfo_perfect_item_email_placeholer": "请输入邮箱地址",
	"user_binfo_perfect_item_qq_wechat": "QQ/微信",
	"user_binfo_perfect_item_qq_wechat_placeholer": "请输入QQ号码或微信号",
	"user_binfo_perfect_btn_save": "保存",
	"user_binfo_perfect_btn_edit": "编辑",
	"user_binfo_check_rules_empty_name": "联系人不能为空",
	"user_binfo_check_rules_empty_company": "公司不能为空",
	"user_binfo_check_rules_empty_position": "职位不能为空",
	"user_binfo_check_rules_empty_tel": "联系方式不能为空",

	"utils_validate_username_empty": "用户名不能为空",
	"utils_validate_username_illegal": "账号由数字、字母或下划线组成，6-20个字符",
	"utils_validate_username_exist": "用户已存在",
	"utils_validate_username_not_exist": "用户名不存在",
	"utils_validate_account_empty": "账户不能为空",
	"utils_validate_account_not_exist": "账号不存在",
	"utils_validate_psw_empty": "密码不能为空",
	"utils_validate_psw_without_space": "密码不能包含空格",
	"utils_validate_psw_illegal": "密码由大小写字母、数字组成，8-18个字符",
	"utils_validate_email_empty": "邮箱不能为空",
	"utils_validate_email_illegal": "请输入正确邮箱",
	"utils_validate_email_exist": "邮箱已存在",
	"utils_validate_tel_empty": "手机号不能为空",
	"utils_validate_tel_illegal": "请输入合法手机号",
	"utils_validate_tel_exist": "手机号已存在",
	"utils_validate_zipcode_empty": "邮政编码不能为空",
	"utils_validate_zipcode_illegal": "请输入合法邮政编码",
	"utils_validate_cardno_empty": "身份证号码不能为空",
	"utils_validate_cardno_illegal": "请输入合法身份证号码",

	"user_setting_top": "设置",
	"user_setting_render": "渲染设置",
	"setting_render_title": "渲染设置",
	"user_setting_safe": "安全设置",
	"user_setting_notify": "通知设置",
	"user_setting_safe_title": "IP登录限制",
	"user_setting_safe_item_allow": "仅允许以下IP登录",
	"user_setting_safe_item_refuse": "以下IP不允许登录",
	"user_setting_safe_also_effective": "对子账户同样生效",
	"user_setting_safe_ip_add_btn": "添加",
	"user_setting_safe_ip_dialog_title": "添加",
	"user_setting_safe_ip_dialog_item": "请输入IP地址",
	"user_setting_safe_ip_dialog_cancel": "取消",
	"user_setting_safe_ip_dialog_comfirm": "确定",

	"student_mod_title": "学生认证",
	"student_mod_file_type_note": "请上传合法文件类型",
	"student_mod_file_size_note": "图片不能超过2M",
	"student_mod_identify_status": "当前状态",
	"student_mod_identify_status_no": "未审核",
	"student_mod_identify_status_no_tips": "（认证成功后享受最低折扣价VIP4）",
	"student_mod_identify_status_ing": "审核中",
	"student_mod_identify_status_ed": "审核通过",
	"student_mod_identify_status_failed": "审核失败",
	"student_mod_identify_resason": "原因：",
	"student_mod_identify_start_item_realname": "真实姓名",
	"student_mod_identify_start_item_realname_place": "请输入真实姓名",
	"student_mod_identify_start_item_cardno": "身份证号",
	"student_mod_identify_start_item_cardno_place": "请输入身份证号",
	"student_mod_identify_start_item_schooladdr": "学校所在地",
	"student_mod_identify_start_item_schooladdr_place": "请输入学校所在地",
	"student_mod_identify_start_item_schoolname": "学校名称",
	"student_mod_identify_start_item_schoolname_place": "请输入学校名称",
	"student_mod_identify_start_item_education": "学历",
	"student_mod_identify_start_item_education_levels": ["博士研究生", "硕士研究生", "本科", "专科"],
	"student_mod_identify_start_item_education_place": "请选择",
	"student_mod_identify_start_item_timeage": "入学年份",
	"student_mod_identify_start_item_timeage_place": "选择年",
	"student_mod_identify_start_item_cardfront": "上传身份证正面照",
	"student_mod_identify_start_item_carbhind": "上传身份证反面照",
	"student_mod_identify_start_item_qualicard": "上传学生证或教师证",
	"student_mod_identify_start_item_verify": "验证码",
	"student_mod_identify_start_item_verify_place": "请输入验证码",
	"student_mod_identify_start_btn_update": "浏览",
	"student_mod_identify_start_btn_verify": "看不清楚，换一张",
	"student_mod_identify_start_btn_submit": "立即验证",
	"student_mod_identify_end_btn_edit": "修改",
	"student_mod_identify_end_item_cardfront": "身份证正面照",
	"student_mod_identify_end_item_cardbhind": "身份证反面照",
	"student_mod_identify_end_item_qualicard": "学生证或教师证",
	"student_mod_identify_start_realname_empty": "真实姓名不能为空",
	"student_mod_identify_start_schooladdr_empty": "学校所在地不能为空",
	"student_mod_identify_start_schoolname_empty": "学校名称不能为空",
	"student_mod_identify_start_item_cardfront_tips": "请上传身份证正面照",
	"student_mod_identify_start_item_carbhind_tips": "请上传身份证反面照",
	"student_mod_identify_start_item_qualicard_tips": "请上传学生证或教师证",
	"student_mod_identify_qualicard_empty": "学历不能为空",
	"student_mod_identify_timeage_empty": "入学年份不能为空",

	"user_com_redirect_info": "正在跳转回页面...",

	"user_com_private_label_property": "共用资产",
	"user_com_private_label_del_task": "删除作业",
	"user_com_private_label_use_balance": "使用余额",
	"user_com_private_label_hide_balance": "隐藏余额及转账记录",
	"user_com_private_label_hide_job_charge": "隐藏作业扣费",
	"user_com_private_span_property": "开启后，子账户登录后的看到的资产为管理员资产，并可直接使用管理员资产提交作业",
	"user_com_private_span_del": "开启后，子账户可以删除作业",
	"user_com_private_span_balance": "开启后，子账户余额不足时直接从管理员账户余额中扣除",
	"user_com_private_span_hide_balance": "开启后，子账户登录后将无法看到余额以及”转账记录",
	"user_com_private_span_hide_job_charge": "开启后，子账户无法查看作业扣费信息及导出作业清单",
	"user_com_private_btn_comfirm": "确  定",
	"user_com_private_set_success_msg": "设置成功",
	"user_com_private_share_options": ["否", "是"],
	"user_com_private_sub_options": ["不允许", "允许"],

	"user_com_addAddr_label_name": "收件人",
	"user_com_addAddr_label_name_palce": "请输入收件人",
	"user_com_addAddr_label_name_empty": "收件人不能为空",
	"user_com_addAddr_label_user_tel": "收件人号码",
	"user_com_addAddr_label_user_tel_place": "请输入手机号",
	"user_com_addAddr_label_area": "所在地区",
	"user_com_addAddr_label_vinc_empty": "省份不能为空",
	"user_com_addAddr_label_city_empty": "城市不能为空",
	"user_com_addAddr_label_addr": "收件地址",
	"user_com_addAddr_label_addr_place": "请输入收件地址",
	"user_com_addAddr_label_addr_empty": "地址不能为空",
	"user_com_addAddr_label_zipcode": "邮政编码",
	"user_com_addAddr_label_zipcode_place": "请输入邮政编码",
	"user_com_addAddr_label_btn_cancel": "取 消",
	"user_com_addAddr_label_btn_comfirm": "确 定",

	"user_com_invoice_label_btn_cancel": "取 消",
	"user_com_invoice_label_btn_comfirm": "确 定",

	"user_com_invoiceRe_label_title": "发票抬头",
	"user_com_invoiceRe_label_title_place": "发票抬头不能为空",
	"user_com_invoiceRe_label_recognition": "纳税人识别号",
	"user_com_invoiceRe_label_recognition_place": "请输入纳税人识别号",
	"user_com_invoiceRe_label_recognition_empty": "纳税人识别号不能为空",
	"user_com_invoiceRe_label_companyAddr": "公司注册地址",
	"user_com_invoiceRe_label_companyAddr_place": "请输入公司注册地址",
	"user_com_invoiceRe_label_companyAddr_empty": "公司注册地址不能为空",
	"user_com_invoiceRe_label_companyAddr_illegal": "公司注册地址不能超过200个字符",
	"user_com_invoiceRe_label_companyTel": "公司固定电话",
	"user_com_invoiceRe_label_companyTel_place": "请输入公司固定电话",
	"user_com_invoiceRe_label_companyTel_empty": "公司固定电话不能为空",
	"user_com_invoiceRe_label_companyTel_illegal": "公司固定电话不能超过20位",
	"user_com_invoiceRe_label_bankAccount": "银行账户",
	"user_com_invoiceRe_label_bankAccount_place": "请输入银行账户",
	"user_com_invoiceRe_label_bankAccount_empty": "银行账户不能为空",
	"user_com_invoiceRe_label_bank": "开户行",
	"user_com_invoiceRe_label_bank_place": "请输入开户行，具体到支行 ",
	"user_com_invoiceRe_label_bank_empty": "开户行不能为空 ",
	"user_com_invoiceRe_label_btn_cancel": "取 消",
	"user_com_invoiceRe_label_btn_comfirm": "确 定",

	"user_com_modify_label_subuser": "子账号名称",
	"user_com_modify_label_psw": "密码",
	"user_com_modify_label_psw_illegal": "请输入合法密码",
	"user_com_modify_label_tel": "手机号",
	"user_com_modify_label_email": "邮箱",
	"user_com_modify_label_btn_cancel": "取 消",
	"user_com_modify_label_btn_comfirm": "确 定",
	"user_com_modify_label_success_msg": "修改成功",

	"user_com_shiftout_title": "您正在操作从子账号",
	"user_com_shiftout_label_outto_admin": "转账至管理员账号",
	"user_com_shiftout_label_enable_fund": "可转出金额",
	"user_com_shiftout_label_fund": "转出金额",
	"user_com_shiftout_label_fund_empty": "金额不能为空",
	"user_com_shiftout_label_fund_illegal": "请输入合法金额",
	"user_com_shiftout_amount_success": "转出成功",
	"user_com_shiftout_amount_fail": "转出失败",
	"user_com_shiftout_label_btn_cancel": "取 消",
	"user_com_shiftout_label_btn_comfirm": "确 定",

	"user_com_shiftto_title": "您正在操作从管理员账号转账至子账号",
	"user_com_shiftto_label_enable_fund": "可转入金额",
	"user_com_shiftto_label_fund": "转入金额",
	"user_com_shiftto_label_fund_empty": "金额不能为空",
	"user_com_shiftto_label_fund_illegal": "请输入正确金额",
	"user_com_shiftto_amount_success": "转入成功",
	"user_com_shiftto_amount_fail": "转入失败",
	"user_com_shiftto_label_btn_cancel": "取 消",
	"user_com_shiftto_label_btn_comfirm": "确 定",

	"user_com_transfer_optionText": "未添加",
	"user_com_transfer_selectText": "已添加",
	"user_com_transfer_btn_cancel": "取 消",
	"user_com_transfer_btn_comfirm": "确 定",

	"user_com_childManage_sub_place": "子账户名称",
	"user_com_childManage_psw_place": "密码",
	"user_com_childManage_tel_place": "手机号码",
	"user_com_childManage_email_place": "邮箱",
	"user_com_childManage_btn_to_active": "激活",
	"user_com_childManage_sub_account": "子账号",
	"user_com_childManage_project_manager": "项目管理",
	"user_com_childManage_btn_add_sub": "添加子账号",
	"user_com_childManage_add_prompt": ["亲爱的用户", "您的子账户已达到上限。", "如有疑问，请联系24小时在线客服"],
	"user_com_childManage_head_sub_name": "子账户名称",
	"user_com_childManage_head_tel": "联系方式",
	"user_com_childManage_head_email": "邮箱",
	"user_com_childManage_head_status": "状态",
	"user_com_childManage_head_balance": "余额",
	"user_com_childManage_head_privilege": "权限",
	"user_com_childManage_head_hanlde": "操作",
	"user_com_childManage_add_success_msg": "添加成功",
	"user_com_childManage_privilege_property": "共用资产",
	"user_com_childManage_privilege_del_task": "删除作业",
	"user_com_childManage_privilege_use_balance": "使用余额",
	"user_com_childManage_privilege_hide_balance": "隐藏余额及转账记录",
	"user_com_childManage_privilege_hide_job_charge": "隐藏作业扣费",
	"user_com_childManage_dialog_title_edit": "子账户-权限设置",
	"user_com_childManage_render_btn_edit": "编辑",
	"user_com_childManage_render_arr": ["未激活", "激活", "未激活"],
	"user_com_childManage_dialog_title_del": "提示",
	"user_com_childManage_msg_del_success": "删除成功",
	"user_com_childManage_render_text": "删除后子账户存储中的所有资产以及输出文件将会全部清空，确认要删除吗？",
	"user_com_childManage_render_btn_cancel": "取消",
	"user_com_childManage_render_btn_comfirm": "确定",


	"user_com_childManage_del_else_800_msg": "子账户不存在",
	"user_com_childManage_del_else_ok_btn": "好的，我知道了",
	"user_com_childManage_del_else_912_msg": "子账户中还有正在渲染的作业，请先停止作业再删除账户",
	"user_com_childManage_del_else_913_msg": "子账户当前欠费",
	"user_com_childManage_del_else_913_msg_br": "请从管理员账户余额中转入欠费金额，再重新删除",
	"user_com_childManage_del_else_914_msg": "子账户当前余额",
	"user_com_childManage_del_else_914_msg_br": "为避免损失请将账户中的余额转出再删除",
	"user_com_childManage_del_title_del": "子账户-删除",
	"user_com_childManage_del_title_shiftTo": "子账户-转入",
	"user_com_childManage_del_title_shiftOut": "子账户-转出",
	"user_com_childManage_del_title_edit": "子账户-修改",
	"user_com_childManage_del_render_btn_shiftTo": "转入",
	"user_com_childManage_del_render_btn_shiftOut": "转出",
	"user_com_childManage_del_render_btn_edit": "修改",
	"user_com_childManage_del_render_btn_del": "删除",

	"user_com_childPro_name_place": "项目名称",
	"user_com_childPro_btn_open": "开启",
	"user_com_childPro_btn_add": "添加项目",
	"user_com_childPro_head_label_name": "项目名称",
	"user_com_childPro_head_label_status": "状态",
	"user_com_childPro_head_label_member": "项目成员",
	"user_com_childPro_head_label_operate": "操作",
	"user_com_childPro_name_empty": "项目不能为空",
	"user_com_childPro_name_exist": "项目已经存在",
	"user_com_childPro_msg_add_success": "添加成功",
	"user_com_childPro_son_status_render_arr": ["开启", "关闭"],
	"user_com_childPro_son_user_dialog_title": "管理项目-编辑成员",
	"user_com_childPro_son_user_render_admin": "管理员",
	"user_com_childPro_son_user_render_edit_member": "编辑成员",
	"user_com_childPro_son_del_dialog_title": "项目管理-删除",
	"user_com_childPro_son_del_render_text": "删除项目后，项目里的所有作业将不再显示此项目名称",
	"user_com_childPro_son_del_render_span": "确定要删除项目{0}吗？",
	"user_com_childPro_son_del_btn_cancel": "取消",
	"user_com_childPro_son_del_btn_comfirm": "确定",
	"user_com_childPro_render_del_btn": "删除",
	"user_com_childPro_render_del_btn_success": "删除成功",

	"user_invoiceAddr_name": "收件人",
	"user_invoiceAddr_address": "收件地址",
	"user_invoiceAddr_use_address": "使用新地址",
	"user_invoiceAddr_head_label_name": "收件人",
	"user_invoiceAddr_head_label_tel": "手机号码",
	"user_invoiceAddr_head_label_address": "收货地址",
	"user_invoiceAddr_head_label_operate": "操作",
	"user_invoiceAddr_head_dialog_title_add": "添加地址信息",
	"user_invoiceAddr_head_dialog_title_edit": "修改地址信息",
	"user_invoiceAddr_head_dialog_title_del_msg": "确定删除？",
	"user_invoiceAddr_head_dialog_title_del": "提示",
	"user_invoiceAddr_head_render_btn_edit": "编辑",
	"user_invoiceAddr_head_render_btn_del": "删除",

	"user_invoiceReceipt_title": "发票抬头",
	"user_invoiceReceipt_recognition": "纳税人识别号",
	"user_invoiceReceipt_dialog_add_invoice": "添加发票信息",
	"user_invoiceReceipt_head_title": "发票抬头",
	"user_invoiceReceipt_head_recognition": "纳税人识别号",
	"user_invoiceReceipt_head_company_addr": "公司注册地址",
	"user_invoiceReceipt_head_company_tel": "公司固定电话",
	"user_invoiceReceipt_head_bank_account": "银行账户",
	"user_invoiceReceipt_head_bank": "开户行",
	"user_invoiceReceipt_head_operate": "操作",
	"user_invoiceReceipt_dialog_edit_invoice": "修改发票信息",
	"user_invoiceReceipt_dialog_edit_msg": "确定删除？",
	"user_invoiceReceipt_dialog_edit_title": "提示",
	"user_invoiceReceipt_render_btn_edit": "编辑",
	"user_invoiceReceipt_render_btn_del": "删除",

	"user_com_modifyPsw_label_old": "旧密码",
	"user_com_modifyPsw_label_new": "新密码",
	"user_com_modifyPsw_label_new_again": "确认新密码",
	"user_com_modifyPsw_btn_cancel": "取消",
	"user_com_modifyPsw_btn_comfirm": "确定",
	"user_com_modifyPsw_label_old_place": "请输入旧密码",
	"user_com_modifyPsw_label_new_place": "请输入新密码",
	"user_com_modifyPsw_label_new_again_place": "请再次输入密码",
	"user_com_modifyPsw_label_old_check": "请验证密码",
	"user_com_modifyPsw_label_old_same": "新密码与旧密码不能相同，请重新输入",
	"user_com_modifyPsw_label_new_differ": "两次输入密码不一致",
	"user_com_modifyPsw_dialog_title_edit": "修改密码",
	"user_com_modifyPsw_dialog_success_data_edit": "修改密码成功！",
	"user_com_modifyPsw_dialog_err_data_edit": "密码不正确，请重新输入",
	"user_com_modifyPsw_msg_fail_edit": "修改失败！",

	"edit_contact_add_name": "添加联系人",
	"edit_contact_name": "联系人",
	"edit_contact_email": "邮箱",
	"edit_contact_tel": "手机号",
	"edit_contact_operate": "操作",
	"edit_contact_edit": "修改",
	"edit_contact_del": "删除",
	"edit_contact_confirm": "确认",
	"edit_contact_cancel": "取消",
	"edit_contact_edit_name_btn": "双击此处编辑联系人",
	"edit_contact_edit_name_place": "编辑联系人",
	"edit_contact_edit_email_btn": "双击此处编辑邮箱",
	"edit_contact_edit_email_place": "编辑邮箱",
	"edit_contact_edit_tel_btn": "双击此处编辑手机号",
	"edit_contact_edit_tel_place": "编辑手机号",
	"edit_contact_btn_comfirm": "确定",

	"task_notify_setting_edit": "编辑",
	"task_notify_setting_type": "通知类型",
	"task_notify_setting_name": "联系人",
	"task_notify_setting_method": "通知方式",
	"task_notify_setting_notify_submit": "提交任务通知",
	"task_notify_setting_email": "邮件",
	"task_notify_setting_msg": "短信",
	"task_notify_setting_notify_rendered": "任务渲染完成通知",
	"task_notify_setting_notify_downloaded": "任务下载完成通知",
	"task_notify_setting_notify_overtime_stop": "帧渲染超时停止通知",

	"transfer_setting_set_speed_limit": "手动设置限速",
	"transfer_setting_speed_limit_prompt": "不设置限速时，会根据您本地的网络自动调整到最大值",
	"transfer_setting_download_setting": "下载设置",
	"transfer_setting_download_setting_prompt": "下载时手动选择下载路径",
	"transfer_setting_task_control": "任务控制",
	"transfer_setting_task_update_max_num": "同时上传最大任务数",
	"transfer_setting_task_download_max_num": "同时下载最大任务数",
	"transfer_setting_task_speed_limit": "传输限速",
	"transfer_setting_task_update_max_speed": "最高上传速度",
	"transfer_setting_task_download_max_speed": "最高下载速度",
	"transfer_setting_task_other": "其他",
	"transfer_setting_task_open_data_compress": "启用数据压缩",
	"transfer_setting_task_appoint_floder": "指定下载目录",
	"transfer_setting_task_select_floder": "选择目录",

	"forget_psw_tab_forget": "忘记密码",
	"forget_psw_btn_back": "返回",
	"forget_psw_btn_login": "登录",
	"forget_psw_btn_register": "注册",
	"forget_psw_tab_reset_psw": "重置密码",
	"forget_psw_text_doing": "您正在为账户",
	"forget_psw_text_doing_br": "重置登录密码",
	"forget_psw_label_new_psw": "新密码",
	"forget_psw_psw_illegal": "密码由数字、字母组成,8-18个字符",
	"forget_psw_psw_check": "确认密码",
	"forget_psw_psw_check_place": "请确认密码",
	"forget_psw_btn_comfirm": "确认",
	"forget_psw_tips_tel24": "24小时服务热线",

	"rendering_setting_text": ["启用场景参数修改", "启用一机多帧", "忽略max预处理时贴图丢失"],
	"rendering_setting_desc": ["如果您需要修改场景参数，再提交至渲染，请启用此选项",
		"如果您需要一台机器渲染多帧，请启用此项",
		"当3dsMax任务在渲染预处理过程中检测有贴图丢失时，如果您需要忽略丢失，继续渲染，则请启用此项。由于启用此项造成的渲染出错，将不退还费用"
	],

	"analysis_label_multi_submit": "提交渲染",
	"analysis_label_re_analysis": "重新分析",
	"analysis_label_give_up": "放弃",
	"analysis_label_del": "删除",

	"property_button_new": "新建文件夹",
	"property_button_download": "下载",
	"property_button_remove": "移动到",
	"property_button_copy": "复制到",
	"property_button_rename": "重命名",
	"property_button_tar": "解压",
	"property_button_del": "删除",
	"property_remove_success": "删除成功",
	"property_remove_fail": "删除失败",
	"property_excute_remove_success": "删除成功",
	"property_excute_remove_fail": "删除失败",

	"task_detail_btn_recommit": "重提",
	"task_detail_btn_stop": "停止",
	"task_detail_btn_start": "开始",
	"forget_psw_code_check_empty": "请输入验证码",
	"forget_psw_code_check_err": "验证码错误",
	"forget_psw_btn_next": "下一步",


	"forget_psw_catch_err": "登录失败",
	"scene_setting_layer_editable": "双击编辑",
	"topUp_tab_first": "现金充值",
	"user_binfo_perfect_item_email": "个人邮箱",
	"user_binfo_perfect_item_exemail": "企业邮箱",
	"render_task_jobdetail_framedetail_thumbnailWating": "待出图",
	"render_task_jobdetail_framedetail_thumbnailWrongFormat": "格式不支持预览",
	"render_task_jobdetail_framedetail_previewArrearage": "欠费",
	"submit_cgfile_clear_search_tip": "清除内容",


	"render_task_jobdetail_framedetail_popupTitle3": "渲染-开始渲染",
	"render_task_jobdetail_framedetail_popupMessage3": "确定要开始当前的任务吗？",
	"money_character": "{0}{1}",
	"coupon_character": "C{0}",
	"consumption_consumeway_project_pack": "项目整包",
	"consumption_consumeway_machine_pack": "机器整包",
	"consumption_consumeway_pay_by_amount": "按量付费",

	"bind_user_title": "返回",
	"bind_user_third_title": "让我们设置登录账号和密码，领取{0}20渲染券",
	"forget_psw_action_tip_limittime": "重置登录密码，请在三分钟内完成",
	"forget_psw__action_tip_reseterr": "重置密码超时，请再次",
	"forget_psw_reset_psw_btn": "重置密码",
	"forget_psw_reset_msg_call": "成功重置密码，请重新登录",
	"register_other_profect_info": "完善信息",
	"register_other_profect_label_account": "账号",
	"register_other_profect_label_account_place": "账号由数字、字母或下划线组成",
	"register_other_profect_label_psw": "密码",
	"register_other_profect_label_psw_place": "密码由数字、字母组成,8-18个字符",
	"register_other_profect_label_comfirm_psw": "确认密码",
	"register_other_profect_label_comfirm_psw_place": "请确认密码",
	"register_other_profect_label_type": "类型",
	"register_other_profect_label_type_effect": "效果图",
	"register_other_profect_label_type_animation": "动画",
	"register_other_profect_label_type_readed": "我已阅读并同意",
	"register_other_profect_label_type_book": "《Renderbus平台用户注册协议》",
	"register_other_profect_label_type_comfirm": "确定",
	"register_other_profect_label_validate_illegal": "字段不合法",
	"register_other_profect_label_validate_isRead": "请阅读《Renderbus平台用户注册协议》",
	"set_user_info_title_tip": "恭喜您注册成功！{0}{1}渲染券已放入您的账户，请选择渲染方式与常用软件，我们将提供更精准的服务",
	"set_user_info_btn_txt": "领取{0}{1}渲染费",
	"discount_router_link_payment": "充值管理",
	"discount_router_link_topup": "立即充值",
	"discount_router_link_detail": "查看详情",
	"discount_animation_vip_level": "动画VIP级别",
	"discount_effect_map_common": "效果图普通版",
	"discount_effect_map_vip": "效果图会员",
	"forget_psw_code_check_tel_unbind": "手机号未绑定用户，请重新输入",
	"verify_timer_send_msg": "发送短信验证",
	"verify_timer_send_voice": "发送语音验证",
	"verify_timer_send_msg_tips": "短信验证码发送成功，请注意查收手机短信！",
	"verify_timer_send_voice_tips": "语音验证码发送成功，请注意接听手机电话！",

	"task_frame_status_1": "等待中",
	"task_frame_status_2": "渲染中",
	"task_frame_status_3": "停止",
	"task_frame_status_4": "已完成",
	"task_frame_status_5": "失败",
	"task_frame_status_6": "等待预处理完成",
	"task_frame_status_7": "等待光子帧渲染完成",
	"task_frame_status_8": "等待优先渲染完成",
	"task_frame_status_9": "等待光子作业渲染完成",
	"task_frame_status_10": "等待解算作业渲染完成",

	"render_task_status_0": "等待中",
	"render_task_status_5": "渲染中",
	"render_task_status_8": "预处理中",
	"render_task_status_10": "停止",
	"render_task_status_20": "欠费停止",
	"render_task_status_25": "已完成",
	"render_task_status_30": "已完成但有失败帧",
	"render_task_status_35": "放弃",
	"render_task_status_40": "测试完成",
	"render_task_status_45": "失败",

	"analyse_task_status_0": "分析完成",
	"analyse_task_status_5": "分析完成(有警告)",
	"analyse_task_status_10": "分析完成(有错误)",
	"analyse_task_status_15": "分析失败",
	"analyse_task_status_20": "分析中",
	"analyse_task_status_25": "等待分析",
	"analyse_task_status_30": "提交渲染失败",
	"analyse_task_status_35": "已自动提交",
	"analyse_task_status_40": "已提交",
	"analyse_task_status_45": "放弃",


	"render_software_configure": "软件配置",
	"render_asset_content": "资产目录",
	"render_from_clone": "克隆于",
	"render_blocker_num": "分块数量",

	"slider_tabs_tab_detail": "分析结果",
	"slider_tabs_tab_setting": "公共参数设置",
	"slider_tabs_tab_vary": "Vray设置",
	"user_setting_transfer": "传输设置",
	"vary_render_label": "分块渲染",
	"vary_render_label_place": "分块渲染",
	"vary_render_label_info": "启用后多台机器同时渲染，节约渲染时间",
	"vary_render_label_option_not": "不启用",
	"vary_render_label_option_yes": "{0}核{1}台机器",
	"user_payment_upgrade_to_vip": "升级为VIP",
	"device_error_register_fail": "注册失败",

	"success": " 成功",
	"fail": "失败",
	"forbidden": " 没有权限",
	"resource_not_found": "资源不存在",
	"do_not_have_any_more_record": " 没有更多记录",
	"internal_error": " 服务器处理失败",
	"parameter_cant_be_empty": " 缺少必要参数",
	"need_user_login": " 需要用户登录",
	"vinsufficient_permissions": " 权限不足",
	"user_area_error": " 客户国内外区域不匹配",
	"account_binding_user_null": " 账号不存在",
	"account_not_binding": " 未绑定设备",
	"account_binding_fail": " 设备绑定失败",
	"account_locked": " 该账户已被锁定，请联系在线客服解锁后再登录",
	"login_times_warning": "您还有三次机会",
	"login_two_times_warning": "您还有两次机会",
	"login_one_times_warning": "您还有一次机会",
	"account_no_active": "此账号未激活，请联系账户管理员激活账号",
	"account_disenabled": "账户已被禁用",
	"account_username_password_fail": " 用户名或密码错误",
	"account_unionid_fail": " 账号未绑定第三方用户",
	"account_phone_fail": " 手机未绑定第三方用户",
	"account_unionid_phone": " 手机已绑定其他第三方用戶",
	"account_weixin_fail": " 微信登录失败",
	"account_weibo_fail": " 微博登录失败",
	"account_logout_fail": " 登出失败",
	"account_login_iplimitfail": " ip被限制登录",
	"account_qq_fail": " qq登录失败",
	"norepeat_select_software": " 无法重复选择常用软件",
	"account_unionid_exists": " unionid已存在",
	"account_iplimit_exists": " 无法添加重复的限制ip",
	"account_no_wxpub_subscribe": " 未关注微信公众号",
	"validate_phone_fail": " 手机号已存在",
	"validate_email_fail": " 邮箱已存在",
	"validate_username_fail": " 用户名已存在",
	"account_email_fail": " 邮箱未绑定账户",
	"currency_not_support": " 币种不支持",
	"agent_not_support": " 代理商不支持",
	"amount_not_support": " 请输入合理的充值范围",
	"couponno_not_support": " 优惠码不支持",
	"paymethod_not_support": " 支付方式不支持",
	"no_invoice_order": " 无可用的发票订单",
	"no_invoice_address": " 无可用的发票收件地址",
	"subuser_exists_tasks": " 无法删除一个存在执行任务的子账号",
	"subuser_arrearage": " 当前子账号欠费",
	"delsubuser_exists_balance": " 删除子账号存在余额",
	"no_invoice_template": " 无可用的发票信息",
	"receipt_type_error": " 发票类型不匹配",
	"receipt_title_exists": " 发票抬头已存在",
	"receipt_recognition_exists": " 发票纳税人识别号已存在",
	"user_account_not_exist": " 用户账号不存在",
	"no_latest_version": " 暂无客户端最新版本",
	"balance_not_enough": " 账户余额不够此次转账",
	"account_phone_bind_fail": " 手机未绑定账户",
	"receipt_template_exists": " 发票模板已存在",
	"update_coupon_error": "更新用户优惠码失败",

	"user_message_find_fail": "用户信息查询失败",
	"file_filepath_not_empty": "文件路径不能为空",
	"file_compress_format_fail": "压缩文件格式不正确，请选择rar,7z,zip文件",
	"file_decompression_fail": "文件解压失败",
	"render_project_name_not_same": "项目名不能相同",
	"render_configure_existence": "配置名称已存在,请重新输入",
	"analyse_task_already_analyse": "该任务已经分析过，是否重新分析？",
	"render_project_content_not_empty": "工程目录不能为空",
	"user_balance_not_enough": "余额不足",
	"user_account_not_active": "账户未激活",
	"user_account_balance_available": "账户和余额可用",
	"render_frame_analyze_fail": "帧解析失败",
	"analyse_task_non_existence": "分析作业不存在",
	"render_render_camera_non_existence": "渲染相机不存在",
	"analyse_create_new_task_id": " 个作业已提交至渲染，重新分析会创建新的作业ID，确定要重新分析吗？",
	"user_plugin_non_existence": "用户插件不存在",
	"user_file_illegal": "用户文件不合法",
	"analyse_task_commit_fail": "分析作业提交失败",
	"render_status_illegal": "状态不符合要求",
	"frame_not_access_ip_port": "没有获取到帧的ip和端口",
	"render_parent_son_have_pass": "父子ID有同时传进来",
	"render_task_not_detail_info": "该任务没有详情信息",
	"render_task_show_num_exception": "可以展开的任务没有查到任务记录或者任务数小于2,出现异常",
	"render_wait_task_complete": "等待光子或者主图渲染完成",
	"render_task_non_existent": "任务不存在",
	"render_task_num_exception": "任务数量有问题",
	"render_system_handle_exception": "任务系统处理异常!",
	"render_select_non_fail_frame": "勾选的任务没有失败帧!",
	"analyse_task_already_complete": "勾选的等待分析的任务或者分析中的任务已经分析完成了,请刷新页面后重试!",
	"render_task_already_complete": "勾选的等待中任务或者渲染中的任务已经渲染完成了,请刷新页面后重试!",
	"render_task_status_non_update": "任务状态还未更新为停止或欠费停止,请刷新后重试",
	"render_task_frame_illegal": "勾选的帧状态存在不是等待中或者渲染中的状态了,请刷新页面后重试!",
	"render_page_num_too_big": "页码太大",
	"render_task_input_image": "部分任务正在输出图片，请稍后...",
	"render_commit_set_up_fail": "maya设置有错误，请重新设置",
	"file_user_content_too_much": "用户目录太多，maya任务目录必须小于22个",
	"file_contain_chinese_folder": "资产中包含中文文件夹，请更改为英文再提交作业",
	"render_commit_pass_one_month": "任务提交时间超过了一个月，不能克隆任务",

	"update_user_account_balance_fail": " 更新用户账户余额信息失败",
	"update_user_account_role_fail": " 更新用户账户等级信息失败",
	"update_pat_record_fail": " 更新订单信息失败",

	"file_operate_fail": "操作失败",
	"file_filename_repetition": "文件名重复",
	"file_filename_illegal": "文件名格式不正确",
	"file_have_decompression_file": "正在解压文件，请稍后...",
	"file_copy_success": "复制成功",
	"file_decompression_success": "解压成功",
	"file_delete_success": "删除成功",
	"render_task_compose_frame_non_stop": "待分块任务完成后，合成帧会自动开始渲染",

	"render_list_full_render_label": "全速渲染",
	"render_list_start_label": "开始",
	"render_list_stop_label": "停止",
	"render_list_yield_label": "放弃",
	"render_list_clone_label": "克隆",
	"render_list_recomitFailed_label": "重渲失败帧",
	"render_list_delete_label": "删除",
	"render_list_download_label": "下载",
	"render_list_upgrade_label": "升级内存",


	"fox_enter_email": "输入邮箱",
	"fox_get_started": "开始",
	"fox_start_label": "邮箱/用户名",
	"fox_start_place": "请输入邮件地址或用户名",
	"fox_login_sign_in": "登录",
	"fox_login_chinese_account": "该账户属于中国站点，请前往",
	"fox_login_chinese_account_here": "登录 ",
	"fox_login_username": "用户名 ",
	"fox_login_username_place": "请输入用户名 ",
	"fox_login_password": "密码 ",
	"fox_login_password_place": "请输入密码 ",
	"fox_login_btn_forget_password": "忘记密码？ ",
	"fox_login_btn_sign_up": "注册 ",
	"fox_login_check_username_arr": ["用户名不能为空", "用户名输入不正确", "用户名不存在"],
	"fox_login_check_psw_arr": ["密码不能为空", "密码输入不正确"],
	"fox_login_check_tip_or": "用户名或密码不正确. ",

	"fox_forget_reset_psw": "重置密码",
	"fox_forget_step1_email": "邮箱",
	"fox_forget_step1_email_place": "请输入验证码",
	"fox_forget_step2_text_1": "我们已经发送验证码至您的邮箱，请输入您收到的验证码进行验证",
	"fox_forget_step2_text_2": "如果您没有收到验证邮件,",
	"fox_forget_step2_text_2_br_1": "请查看您的垃圾邮件",
	"fox_forget_step2_text_2_br_2": "如果还没有邮件，请发送电子邮件至service@foxrenderfarm.com或直接Skype我们",
	"fox_forget_step2_code_place": "请输入验证码",
	"fox_forget_step2_not_receive": "没有收到邮件?",
	"fox_forget_step2_send_again": "重新发送",
	"fox_forget_step3_new_psw": "新密码",
	"fox_forget_step3_new_psw_place": "请输入新密码",
	"fox_forget_step3_comfirm_psw": "确认新密码",
	"fox_forget_step3_comfirm_pse_place": "请再次输入新密码",

	"fox_register_sign_up": "注册",
	"fox_register_username": "用户名",
	"fox_register_username_place": "请输入用户名",
	"fox_register_psw": "密码",
	"fox_register_psw_place": "***********",
	"fox_register_email": "邮箱",
	"fox_register_email_place": "请输入邮件地址",
	"fox_register_tips_agree": "我已阅读并同意 ",
	"fox_register_tips_agree_br": "《Foxrenderfarm 注册协议》",
	"fox_register_tips_member": "已有账号，立即登录",
	"fox_register_check_username": "账号由数字、字母或下划线组成",
	"fox_register_check_psw": "密码必须包含数字和大小写字母，8-18个字符",
	"fox_register_check_psw_verify": "请确认密码",
	"fox_register_check_inconsistent": "两次输入不一致，请重新输入",
	"fox_register_check_email_empty": "邮件地址不能为空",
	"fox_register_check_email_illegal": "请输入有效的邮件地址",
	"fox_register_check_email_exist": "邮件地址已存在",
	"fox_register_check_agreement": "请勾选协议",

	"fox_checkmail_title": "邮箱验证",
	"fox_checkmail_send_status_arr": ["重新发送", "正在发送", "发送成功"],


	"common": "公共参数设置",
	"frames": "渲染帧数",
	"width": "像素宽",
	"height": "像素高",
	"output_file_basename": "输出文件名",
	"output_file_type": "输出文件类型",
	"all_camera": "所有相机",
	"name": "vray参数设置",
	"gi": "Global illumination",
	"primary_gi_engine": "Primary engine",
	"secondary_gi_engine": "Second engine",
	"irradiance_map_mode": "Mode",
	"gi_frames": "GI render frames",
	"gi_width": "GI resolution",
	"gi_height": "GI resolution",
	"irrmap_file": "Path",
	"light_cache_file": "Path",
	"light_cache_mode": "Mode",
	"image_sampler_type": "Image sampler type",
	"filter_on": "Antialiasing filter",
	"filter_kernel": "filterkernel",
	"reflection_refraction": "reflectionrefraction",
	"displacement": "displacement",
	"photonnode": "多台机器渲染光子",
	"onlyphoton": "只渲染光子",
	"element_active": "元素",
	"element_list": "renderelement",
	"output_file": "输出文件路径",
	"subdivs": "未知参数名",
	"secbounce": "未知参数名",
	"renderable_camera": "可渲染的相机",
	"element_type": "通道格式",

	"query_platform_w2": "www2（16-cores CPU）",
	"query_platform_w5": "W5",
	"query_platform_w8": "华南二区 (W8)",
	"query_platform_w9": "www9（28-cores CPU）",
	"query_platform_GPU": "GPU区域",
	"query_platform_Picture": "效果图区域",

	"render_task_not_search_relation_frame": "未搜索到相关帧",

	"add_invoice_invoice_manage": "发票管理",
	"add_invoice_make_invoice": "开具发票",
	"add_invoice_select_recharge_order": "选择订单",
	"add_invoice_invoice_money": "开票金额",
	"add_invoice_invoice_type": "开票类型",
	"add_invoice_invoice_ordinary": "增值税普票（金额>=200）",
	"add_invoice_invoice_major": "增值税专票（金额>=500）",
	"add_invoice_invoice_major_info": "专票信息",
	"add_invoice_invoice_ordinary_info": "普票信息",
	"add_invoice_receiving_info": "收件信息",
	"add_invoice_submit_reply": "提交申请",
	"add_invoice_pay_method_arr": ["", "支付宝支付", "微信支付", "PayPal支付", "优惠券充值", "子账号转入", "主账号转入",
		"转出至子账号", "转出至主账号", "注册时赠送", "完善资料时赠送",
		"开具发票预充值", "开具发票后充值", "离线充值", "退现金", "出错返还", "赠送"
	],
	"add_invoice_order_No": "订单号",
	"add_invoice_trade_time": "交易时间",
	"add_invoice_trade_money": "交易金额",
	"add_invoice_pay_method": "支付类型",
	"add_invoice_select_invoice_info": "请选择发票信息",
	"add_invoice_select_receiving_info": "请选择收件信息",
	"add_invoice_reply_success_msg": "申请成功，请等待财务确认。",

	"invoice_invoice_manage": "发票管理",
	"invoice_make_invoice": "开具发票",
	"invoice_invoice_tips_1": "* 暂定审批通过后每个月的10号，20号，28号寄出",
	"invoice_invoice_tips_2": "* 活动赠送金额不能开具发票",
	"invoice_invoice_type_arr": ["增值税普票", "增值税专票"],
	"invoice_invoice_status_arr": ["申请中", "待邮寄", "已邮寄", "未通过"],
	"invoice_invoice_creatme_time": "开票时间",
	"invoice_invoice_create_type": "开票类型",
	"invoice_invoice_create_money": "开票金额({0})",
	"invoice_invoice_create_company": "开票抬头",
	"invoice_invoice_email_info": "邮件信息",
	"invoice_invoice_state": "状态",


	"render_project_default_value": "默认",
	"analysis_vary_speed_render": "分块渲染",
	"login_check_international_account_tips": "该账户属于国际站点，请前往",
	"invoice_receipt_check_tag_limit": "纳税人识别号需为1~20位以内的数字以内",
	"invoice_receipt__check_telphone_illegal": "固定电话需为1~20位数字以内，不能含有空格",
	"invoice_receipt__check_bank_account_illegal": "银行卡账户需16~19位数字",
	"bind_user_register_tel_place": "请输入手机号",
	"bind_user_register_account_place": "请输入用户名",
	"bind_user_register_psw_place": "请输入密码",
	"bind_user_register_comfirm_psw_place": "请确认密码",
	"bind_user_register_label_type": "类型",
	"bind_user_register_label_effect": "效果图",
	"bind_user_register_label_animation": "动画",
	"bind_user_register_read_agreed": "我已阅读并同意",
	"bind_user_register_book_user": "《Renderbus平台用户注册协议》",
	"bind_user_register_btn_comfirm": "确定",
	"bind_user_register_check_username": "包含数字、字母或下划线，不能为纯数字",
	"bind_user_register_check_username_br": "6-20个字符",
	"bind_user_register_check_psw": "包含数字、字母或下划线，不能为纯数字",
	"bind_user_register_check_psw_br": "8-18个字符",
	"bind_user_register_check_psw_again": "请再次输入密码",
	"bind_user_register_check_set_account": "请输入用户名",
	"bind_user_register_check_set_psw": "请输入密码",

	"slider_body_setting_dear_user": "亲爱的用户，",
	"slider_body_setting_cur_id": "您当前的作业ID",
	"slider_body_setting_breaked": "已拆分成",
	"slider_body_setting_submit_as": "个作业提交，分别为：",
	"filter_panel_all_select": "全选",
	"filter_panel_empty": "(空)",
	"fox_register_psw_empty_tips": "密码不能为空",
	"fox_register_psw_reset_success": "重置密码成功",

	"transfer_slider_max_load": "更多任务正在排队中...",
	"transfer_slider_load_more": "加载更多",
	"transfer_slider_no_more": "没有更多了",
	"transfer_slider_upload_lsit": "上传列表",
	"transfer_slider_download_lsit": "下载列表",
	"transfer_slider_upload_label_loading": "正在上传",
	"transfer_slider_upload_label_complete": "已完成",
	"transfer_slider_upload_label_fail": "上传失败",
	"transfer_slider_upload_label_start": "全部开始",
	"transfer_slider_upload_label_stop": "全部暂停",
	"transfer_slider_upload_label_del": "全部删除",
	"transfer_slider_upload_label_clear": "全部清除",
	"transfer_slider_upload_label_reupload": "重新上传",
	"transfer_slider_upload_label_del_2": "全部删除",
	"transfer_slider_upload_label_downloading": "当前没有传输任务噢",
	"transfer_slider_upload_label_downloaded": "当前没有完成的传输记录噢",
	"transfer_slider_upload_label_downloadFailed": "当前没有失败的传输记录噢",
	"transfer_slider_download_label_downloading": "正在下载",
	"transfer_slider_download_label_complete": "已完成",
	"transfer_slider_download_label_fail": "下载失败",
	"transfer_slider_download_label_start": "全部开始",
	"transfer_slider_download_label_stop": "全部暂停",
	"transfer_slider_download_label_del": "全部删除",
	"transfer_slider_download_label_clear": "全部清除",
	"transfer_slider_download_label_redown": "重新下载",
	"transfer_slider_download_label_del_2": "全部删除",
	"transfer_slider_download_label_downloading_now": "当前没有传输任务噢",
	"transfer_slider_download_label_downloaded": "当前没有完成的传输记录噢",
	"transfer_slider_download_label_downloadFailed": "当前没有失败的传输记录噢",
	"store_raysync_label_fail": "传输工具登录失败",
	"store_raysync_label_ing": "传输工具正在登陆中",
	"store_raysync_label_exist": "已存在其他传输工具用户",
	"store_raysync_label_sign_out": "传输工具已退出",
	"store_raysync_label_selected_up": "已选择上传文件",
	"store_raysync_label_selected_down": "已选择下载文件",
	"raysync_upgrade_dialog_title": "更新提示",
	"raysync_upgrade_dialog_prompt": "发现传输插件有新版本{0}，请更新版本后继续传输",
	"raysync_upgrade_dialog_confirm": "立即更新",
	"raysync_upgrade_dialog_cancel": "稍后更新",
	"year_unit": "年",

	"no_matched_data_message": "无匹配数据",
	"tansfer_default_waiting": "等待传输...",
	"tansfer_default_timeout": "传输超时",
	"tansfer_default_paused": "已暂停",
	"tansfer_default_NoTransferList": "无传输列表",
	"tansfer_default_DISCONNECTING": "正在断开连接",
	"tansfer_default_DISCONNECTED": "传输连接被断开",
	"tansfer_default_CONNECTING": "正在连接",
	"tansfer_default_CONNECTION_FAILED": "连接失败",
	"tansfer_default_FILE_NOT_EXIST": "文件不存在",
	"tansfer_default_LOCAL_FILE_UNWRITEABLE": "无法读取文件",
	"tansfer_default_COULD_NOT_START": "无法启动传输",
	"tansfer_default_CREATING_DIR": "正在创建文件夹",
	"tansfer_default_SERVER_DISK_NOSPACE": "服务器磁盘已满",
	"tansfer_default_CLIENT_DISK_NOSPACE": "客户端磁盘已满",
	"tansfer_default_INCORRECT_PASSWORD": "客户端无法登录服务器",
	"tansfer_default_DOWNLOAD_REPETITION": "重复下载",
	"render_major_picture_task": "主图",
	"render_photons_task": "光子",


	"store_header_sort_id": "按作业Id",
	"store_header_sort_fee": "按费用",
	"store_header_sort_start_time": "按开始时间",
	"store_header_sort_end_time": "按结束时间",
	"store_header_sort_process": "按进度条中已完成帧",
	"store_header_sort_fail_frame": "按失败帧",
	"store_header_sort_priority": "按优先级",
	"store_header_sort_machine_limit": "按机器限制",
	"store_header_sort_submit_time": "按提交时间",
	"store_header_sort_over_time": "按超时时间",

	"store_header_sort_up": "升序",
	"store_header_sort_down": "降序",
	"store_header_with_sort": "排序",
	"render_task_jobdetail_framedetail_thumbnailFailure": "加载失败",


	"launch_title": "那么如何提交作业呢？",
	"launch_step_1": "第一步：上传资产",
	"launch_step_2": "第二步：选择场景文件，配置软件及插件",
	"launch_step_3": "第三步：分析文件，设置渲染参数",
	"launch_step_4": "第四步：下载图片",
	"launch_start_btn": "开始上传资产",
	"render_hover_current_machines": "当前渲染节点机{0}台",
	"arrearage_control_dear_user": "亲爱的用户，",
	"arrearage_control_arreared": "您当前账户已欠费",
	"arrearage_control_please_reacharge": "，请先充值后再",
	"arrearage_control_submit": "提交",
	"arrearage_control_operate": "操作",
	"arrearage_control_recharge_now": "立即充值",
	"arrearage_control_btn_comfirm": "确定",

	"overview_frame_rendering": "正在渲染作业",
	"overview_frame_waiting": "等待渲染作业",
	"overview_frame_completed": "已完成作业",
	"overview_frame_failed": "失败作业",
	"overview_account_title": "账户余额",
	"overview_account_btn_recharge": "立即充值",
	"overview_account_coupon": "渲染券",
	"overview_account_credit": "信用额度",
	"overview_disk_title": "存储统计",
	"overview_task_title": "近一周作业",
	"overview_disk_used": "已使用",

	"analysis_vray_setting_singel_render_photon": "单台机器渲染光子",
	"analysis_vray_setting_multi_render_photon": "多台机器渲染光子",
	"submit_cgfile_config_render_system": "渲染系统",

	"analysis_detail_body_log_analysisfailed": "作业分析失败！请尽快QQ联系24小时在线客服或拨打 400-003-4560 查看失败原因.",
	"analysis_common_setting_houdini_wrong_frame": "输入值不符合规范，请重新输入",
	"houdini_geoNode": "解算",
	"houdini_ropNode": "渲染",

	"axios_error_network_error": "请求出错,请检查网络连接!",
	"axios_error_timeout": "请求超时,请稍后再试!",
	"axios_error_unknow": "请求出错,请稍后再试!",


	"SUBMIT_TO_RENDER_FAIL": "提交至渲染失败",
	"toggle_platform_dialog_title": "切换平台须知",
	"toggle_platform_dialog_header": "亲爱的用户，在切换平台之前你需要了解以下三点：",
	"toggle_platform_dialog_content": [
		" 1、 不同平台之间资产文件和作业数据不共享 ",
		" 2、 当前平台若有正在上传的文件， 在切换平台之后将会继续上传至原先平台的存储上 ",
		" 3、 当前平台若有正在下载的任务， 切换平台之后不受影响， 会继续下载 "
	],
	"toggle_platform_dialog_sure": "确定现在切换吗？",
	"toggle_platform_dialog_btn": "直接切换",
	"toggle_platform_dialog_onetime": "下次不再提醒我",

	"analysis_common_setting_houdini_introduction_1": "ROPName ：节点路径名，所有解算节点将合并为一个作业，渲染节点将分为一个节点一个作业",
	"analysis_common_setting_houdini_introduction_2": "Frame Range：帧范围  开始帧-结束帧[间隔帧] 例：1-150[1]",
	"table_empty_tips_analysis": "你还没有分析任务，快去提交吧",
	"table_empty_tips_render": "你还没有渲染任务，快去提交吧",
	"setting_blender_scene_frame": "渲染帧",

	"render_clearing_task": "解算",
	"commit_maxium_files_exceed": "不支持根目录下超过22个文件夹",
	"commit_chinese_character_contains": "不支持根目录中含有中文文件夹",
	"file_tree_all_file": "全部文件",
	"houdini_setting_introduction": "设置说明",
	"USER_STORAGE_NOT_FOUND": "用户存储路径未找到",

	"file_upload_attention": "上传注意事项",
	"file_attention_title": "上传前请仔细阅读注意事项",
	"file_attention_remember_btn_txt": "我知道了",

	"file_attention_maya_title": "Maya注意事项：-------------------------------------------------",
	"file_attention_maya_item_1": "1、场景文件中若使用的绝对路径，请不要使用B、C、D盘，可能影响渲染结果",
	"file_attention_maya_item_2": "2、不支持共享路径。比如IP路径、 机器名路径",
	"file_attention_maya_item_3": "3、根目录不能超过22个文件夹",
	"file_attention_maya_item_4": "4、不支持非英文符的路径和文件名",

	"file_attention_max_title": "3dsMax注意事项：----------------------------------------------",
	"file_attention_max_item_1": "1、请将场景与所有资产打包上传",
	"file_attention_max_item_2": "2、解压后再提交作业",
	"file_attention_max_item_3": "3 根目录不能超过22个文件夹",
	"file_attention_max_item_4": "4、命名用英文，不要使用特殊字符",

	"file_attention_houdini_title": "houdini 注意事项：",
	"file_attention_houdini_item_1": "1、上传的文件路径与客户本地路径一致（如文件内有绝对路径的，不要用ABCD盘符）",
	"file_attention_houdini_item_2": "2、OTL资产上传至与 $HIP同一层级目录下或下一层级目录下",
	"file_attention_houdini_item_3": "3、根目录不能超过22个文件夹",
	"file_attention_houdini_item_4": "4、文件内使用的缓存、贴图等素材用了绝对路径的话，该绝对路径不能为网络路径",

	"file_attention_blender_title": "Blender 注意事项",
	"file_attention_blender_item_1": "1、为减少出错率，请上传完整工程文件",
	"file_attention_blender_item_2": "2、相关贴图，cache路径用相对路径（盘符路径用非A-D盘符",
	"file_attention_blender_item_3": "3、文件名用纯英文（不支持中文和其他语言",

	"file_attention_keyshot_title": "Keyshot注意事项：-------------------------------------------------",
	"file_attention_keyshot_item_1": "1、需要按照提交文档的方法打包上传",
	"file_attention_keyshot_item_2": "2、不要用中文的文件名",
	"file_attention_keyshot_item_3": "3、使用的贴图不要与keyshot库里的文件同名",

	"file_attention_c4d_title": "C4D注意事项：",
	"file_attention_c4d_item_1": "1、必须用c4d自带的打包工程目录，资产类统一在tex文件夹下，.c4d文件在外面",
	"file_attention_c4d_item_2": "2、场景文件中若使用的绝对路径，请不要使用A，B、C、D盘，可能影响读取资产",
	"file_attention_c4d_item_3": "3、文件以及文件夹命名规则：",
	"file_attention_c4d_item_4": "1) 只能使用下列字符（文件名和文件夹名称）： a-z，A-Z，0-9 和下划线“_”",
	"file_attention_c4d_item_5": "2) 不要使用中文命名",
	"file_attention_c4d_item_6": "3) 不要使用特殊字符",

	"analysis_operation_dialog_popupTitle_del": "分析-删除作业",
	"analysis_operation_dialog_popupMessage_del": "确定要删除当前的作业吗？",

	"render_table_sort_running": "运行中",
	"analysis_c4d_maintain": "等比例",
	"analysis_c4d_out_file_name": "输出名称",
	"user_account_type_sub": "子账户",
	"scene_setting_frame_limitted": "*不能超过十万帧",
	"RECOMIT_COMPOSE_FRAME_FAILED": "分块任务还在渲染中，合成帧会在分块任务完成后自动开启",
	"account_invalid_addresses": "无效的邮件地址",
	"rpc_task_error": "调用task模块dubbo服务出错",
	"coupon_used_or_expired": "优惠码已经使用或已过期",

	"analysis_scene_setting_quality": "质量",
	"analysis_scene_setting_maxSameple": "最大采样",
	"analysis_scene_setting_maxTime": "最长时间",
	"analysis_scene_setting_advancedControl": "高级控制",
	"analysis_scene_setting_sample": "采样值",
	"analysis_scene_setting_input_required": "请输入{0}",
	"analysis_scene_setting_time": "时间",
	"analysis_scene_setting_time_min": "分钟",
	"analysis_scene_setting_render_type": "渲染方式",
	"analysis_scene_setting_keyshot_vr_type": "类型",
	"analysis_scene_setting_keyshot_vr_spin": "旋转中心",
	"analysis_scene_setting_keyshot_vr_vision": "视图",
	"analysis_scene_setting_keyshot_vr_distance": "距离",
	"analysis_scene_setting_keyshot_vr_angle": "方位角",
	"analysis_scene_setting_keyshot_vr_inclination": "倾斜",
	"analysis_scene_setting_keyshot_vr_perspective": "视角",
	"analysis_scene_setting_keyshot_vr_smooth": "光滑度",
	"analysis_scene_setting_keyshot_vr_horizon": "水平帧",
	"analysis_scene_setting_keyshot_vr_vertical": "垂直帧",
	"analysis_scene_setting_sample_limited": "值必须大于1",
	"analysis_scene_setting_time_wrong_number": "值必须整数",

	"render_upgrade_memory_dialog_title": "渲染-升级渲染内存",
	"memory_ram_default": "{0}(标准)",
	"memory_ram_charge_rate": "{0}(加收{1}%费用)",
	"memory_ram_selection_label": "请选择渲染内存",
	"memory_ram_radios_label": "内存",
	"user_tool_to_old": "跳转到旧平台",
	"setting_render_ram_introduce": "选择不同的内存，价格会有所不同",
	"table_no_data": "暂无数据",
	"analysis_multi_dialog_prioritized_overflow": "测试帧不能超过10帧",
	"axios_error_failed": "请求失败，请稍后再试!",
	"render_list_full_render_label_tips": "优先帧渲染完成后开启渲染剩余帧",

	"common_store_global_dialog_default_okey2": "好的",
	"analysis_multi_submit_not_same_type_task_popMsg": "请选择同类型场景文件提交"
}